//need to install Basex
<?xml version="1.0" encoding="UTF-8"?> 
<books> 
  <book category="ADT"> 
    <title lang="en">Learn ADT in 24 Hours</title> 
    <author>Robert</author> 
    <college>Vysya</college> 
    <year>2005</year> 
    <price>30.00</price> 
  </book> 
  <book category="DOTNET"> 
    <title lang="en">Learn .Net in 24 hours</title> 
    <author>Peter</author> 
    <college>Vysya</college> 
    <year>2011</year> 
    <price>40.50</price> 
  </book> 
  <book category="XML"> 
    <title lang="en">Learn XQuery in 24 hours</title> 
    <author>Robert</author> 
    <author>Peter</author> 
    <college>Vysya</college> 
    <year>2013</year> 
    <price>50.00</price> 
  </book> 
  <book category="XML"> 
    <title lang="en">Learn XPath in 24 hours</title> 
    <author>Jay Ban</author> 
    <college>Vysya</college> 
    <year>2010</year> 
    <price>16.50</price> 
  </book> 
</books>
